danceability,energy,key,loudness,mode,speechiness,acousticness,instrumentalness,liveness,valence,tempo,duration_ms,time_signature,Class
0.484,0.806,10,-6.095,0,0.127,0.0447,0.0000448,0.333,0.417,145.127,249987,4,edm
0.675,0.894,9,-4.982,0,0.0821,0.000156,0.00856,0.112,0.844,123.995,346880,4,edm
0.684,0.816,10,-5.211,0,0.0322,0.0181,0,0.0222,0.702,121.993,196215,4,edm
0.618,0.767,5,-5.024,1,0.0489,0.00552,0,0.147,0.239,124.071,158602,4,edm
0.76,0.964,2,-5.844,1,0.0576,0.00182,0.7,0.0974,0.641,125,248036,4,edm
0.693,0.575,9,-6.998,1,0.0801,0.374,0,0.252,0.492,117.999,211362,4,edm
0.578,0.883,10,-6.423,1,0.0298,0.0259,0.0706,0.118,0.255,122.987,214483,4,edm
0.699,0.861,4,-3.09,0,0.173,0.0589,0.00000264,0.0794,0.315,125.942,206453,3,edm
0.414,0.486,6,-6.431,0,0.0311,0.0129,0,0.111,0.368,128.038,230762,4,edm
0.649,0.755,10,-4.6,0,0.0872,0.000609,0.0000555,0.631,0.44,127.053,219213,4,edm
0.684,0.818,4,-4.477,0,0.128,0.0469,0.00000339,0.119,0.336,123.938,210968,4,edm
0.824,0.745,11,-5.49,0,0.0755,0.0467,0.0000329,0.198,0.888,125.013,210547,4,edm
0.575,0.954,1,-3.093,0,0.0442,0.0176,0.0506,0.0611,0.0882,124.978,194099,4,edm
0.568,0.805,7,-4.108,1,0.0315,0.0587,0,0.209,0.365,125.99,243810,4,edm
0.711,0.829,11,-7.37,0,0.037,0.00163,0.0125,0.0809,0.435,118.021,186093,4,edm
0.703,0.832,0,-7.202,0,0.0689,0.00149,0.127,0.0696,0.667,122.029,196489,4,edm
0.705,0.937,3,-3.868,0,0.0963,0.0362,0.000271,0.178,0.786,124.999,195840,4,edm
0.625,0.576,8,-5.812,1,0.036,0.217,0.00000285,0.0897,0.297,121.915,218306,4,edm
0.601,0.99,6,-3.016,1,0.337,0.00116,0.52,0.124,0.192,127.958,148125,4,edm
0.784,0.913,1,-1.208,1,0.177,0.0114,0.00162,0.0831,0.59,126.054,199048,4,edm
0.584,0.959,9,-1.785,0,0.0942,0.00272,0,0.553,0.0729,125.987,172381,4,edm
0.626,0.755,6,-10.491,0,0.0337,0.14,0.386,0.0938,0.372,122.008,347213,4,edm
0.695,0.848,3,-6.068,0,0.0506,0.00916,0.109,0.12,0.797,122.028,181000,4,edm
0.675,0.888,3,-3.473,0,0.0967,0.124,0.0248,0.076,0.439,123.919,180638,4,edm
0.603,0.882,2,-3.13,1,0.0338,0.0494,0.0132,0.241,0.507,120.996,189493,4,edm
0.588,0.697,3,-4.744,0,0.0372,0.186,0.000219,0.103,0.225,125.157,190417,4,edm
0.562,0.871,0,-4.788,1,0.0646,0.341,0.00000147,0.351,0.351,130.043,196615,4,edm
0.677,0.848,7,-6.14,0,0.0741,0.0154,0.00111,0.277,0.469,125.068,208096,4,edm
0.699,0.94,8,-5.969,0,0.208,0.0853,0,0.336,0.652,122.079,253770,3,edm
0.701,0.933,7,-5.35,0,0.0407,0.121,0.924,0.0842,0.726,123.992,203347,4,edm
0.653,0.946,5,-3.757,0,0.0556,0.00812,0.000207,0.126,0.653,125.966,165714,4,edm
0.25,0.909,4,-5.407,1,0.0414,0.00909,0.848,0.136,0.322,128.025,226875,4,edm
0.507,0.887,5,-4.084,0,0.141,0.00731,0,0.562,0.336,128.015,247505,4,edm
0.538,0.904,10,-4.58,1,0.0551,0.00168,0.637,0.538,0.0731,123.989,181935,4,edm
0.542,0.996,4,-3.124,1,0.0623,0.0172,0.0777,0.614,0.263,125.949,190822,4,edm
0.706,0.882,8,-4.209,1,0.0637,0.0777,0.0169,0.61,0.215,122.932,202927,4,edm
0.497,0.925,2,-4.489,1,0.0745,0.00523,0.781,0.222,0.262,139.961,207827,4,edm
0.691,0.924,0,-3.839,1,0.0577,0.00828,0.0000038,0.402,0.34,125.983,158095,4,edm
0.59,0.678,10,-5.48,1,0.0384,0.0259,0.000022,0.0707,0.4,126.061,178132,4,edm
0.864,0.743,7,-6.431,1,0.0889,0.00504,0.0708,0.059,0.887,117.937,166723,4,edm
0.636,0.908,0,-3.01,0,0.0591,0.0324,0.00309,0.0883,0.353,127.994,166868,4,edm
0.634,0.632,5,-4.52,0,0.0313,0.0129,0.000453,0.116,0.449,128.075,210005,4,edm
0.479,0.919,0,-3.443,1,0.153,0.116,0.000139,0.152,0.388,127.001,215488,4,edm
0.285,0.694,11,-3.358,1,0.0482,0.511,0.000128,0.374,0.163,170.124,221294,4,edm
0.717,0.752,0,-6.933,1,0.065,0.251,0.000468,0.0802,0.14,123.97,281267,4,edm
0.679,0.985,7,-3.357,1,0.0617,0.102,0.0107,0.33,0.462,124.953,191160,4,edm
0.599,0.57,10,-7.531,1,0.0248,0.0273,0.000316,0.116,0.299,129.994,241500,4,edm
0.422,0.677,11,-5.76,1,0.0365,0.251,0.00000355,0.16,0.146,150.131,297782,4,edm
0.621,0.842,5,-4.886,1,0.158,0.492,0,0.27,0.55,119.761,181000,4,edm
0.517,0.981,7,-3.542,1,0.0761,0.00112,0.0456,0.0947,0.386,174.074,249341,4,edm
0.772,0.493,5,-3.41,0,0.0729,0.0617,0.0328,0.154,0.385,143.97,94663,4,hiphop
0.826,0.615,8,-7.979,0,0.219,0.071,0,0.0965,0.543,98.056,225199,4,hiphop
0.9,0.653,1,-6.962,0,0.289,0.0945,0,0.528,0.399,112.503,145603,4,hiphop
0.736,0.67,10,-6.702,1,0.311,0.186,0,0.114,0.845,130.032,169999,4,hiphop
0.703,0.706,9,-3.797,0,0.109,0.268,0,0.171,0.43,154.985,252384,4,hiphop
0.834,0.73,8,-3.714,1,0.222,0.00513,0,0.124,0.446,155.008,312820,4,hiphop
0.738,0.629,6,-4.882,0,0.0495,0.268,0.00114,0.163,0.319,146.067,180898,4,hiphop
0.757,0.69,1,-5.327,0,0.282,0.0716,0,0.192,0.914,132.064,194732,4,hiphop
0.81,0.353,6,-9.931,0,0.31,0.588,0,0.102,0.0727,88.031,208293,4,hiphop
0.792,0.743,7,-2.806,1,0.0851,0.107,0,0.183,0.742,150.024,195637,4,hiphop
0.917,0.598,1,-7.363,1,0.211,0.561,0,0.123,0.757,140.055,197079,4,hiphop
0.87,0.35,1,-6.082,1,0.277,0.00661,0.000483,0.108,0.175,74.963,168347,4,hiphop
0.656,0.542,7,-7.358,1,0.323,0.0484,0,0.106,0.551,166.11,142320,4,hiphop
0.765,0.704,5,-4.589,0,0.127,0.0215,0,0.227,0.498,147.055,192172,4,hiphop
0.889,0.385,11,-11.767,0,0.165,0.00544,0,0.274,0.235,125.995,202533,4,hiphop
0.825,0.572,6,-6.067,0,0.0864,0.0079,0,0.113,0.568,141.991,175954,4,hiphop
0.754,0.342,10,-8.677,0,0.0991,0.073,0,0.193,0.423,128.981,121347,4,hiphop
0.736,0.482,4,-8.242,1,0.196,0.327,0,0.229,0.608,140.064,224507,4,hiphop
0.8,0.578,4,-5.144,0,0.0485,0.00381,0,0.359,0.367,143.01,204665,4,hiphop
0.853,0.696,1,-6.179,0,0.246,0.179,0,0.286,0.184,118.001,171270,4,hiphop
0.755,0.615,4,-8.245,1,0.0454,0.00587,0.00000175,0.109,0.039,105.955,215364,4,hiphop
0.901,0.464,5,-9.789,0,0.0645,0.368,0.0000171,0.238,0.638,109.004,203267,4,hiphop
0.699,0.558,11,-7.622,1,0.0603,0.462,0,0.116,0.493,79.992,165000,4,hiphop
0.917,0.786,11,-4.921,0,0.208,0.0403,0,0.195,0.441,143.038,224903,4,hiphop
0.785,0.554,0,-6.571,1,0.0409,0.283,0.0000034,0.116,0.144,128.047,150043,4,hiphop
0.95,0.59,8,-6.508,0,0.29,0.00534,0,0.11,0.219,130.003,183527,4,hiphop
0.91,0.661,7,-6.999,1,0.122,0.325,0.000114,0.149,0.763,120.044,192000,4,hiphop
0.909,0.405,6,-8.133,0,0.14,0.0306,0.00698,0.105,0.455,154.984,238613,4,hiphop
0.487,0.789,8,-3.69,1,0.044,0.00947,0.00000405,0.189,0.0564,150.007,270715,4,hiphop
0.962,0.573,7,-5.924,1,0.308,0.0161,0,0.109,0.728,125.035,237655,4,hiphop
0.794,0.598,11,-5.042,1,0.3,0.0952,0,0.166,0.184,94.984,151649,4,hiphop
0.665,0.651,1,-5.515,1,0.156,0.0414,0,0.0896,0.237,163.935,175755,4,hiphop
0.674,0.566,5,-9.07,0,0.408,0.161,0.00000942,0.349,0.752,140.114,166087,4,hiphop
0.52,0.538,1,-8.109,1,0.206,0.367,0.00187,0.119,0.177,141.894,345133,4,hiphop
0.855,0.694,2,-4.393,1,0.169,0.371,0,0.109,0.49,122.078,324189,4,hiphop
0.85,0.785,8,-4.963,0,0.345,0.0367,0,0.155,0.718,145.063,343099,4,hiphop
0.95,0.489,8,-8.411,1,0.462,0.105,0,0.411,0.919,130.021,158769,4,hiphop
0.68,0.732,10,-7.108,0,0.27,0.235,0.000174,0.0705,0.864,75.422,230408,4,hiphop
0.759,0.73,0,-7.985,0,0.0516,0.145,0.00000306,0.11,0.74,115.007,268434,4,hiphop
0.671,0.565,11,-7.401,0,0.16,0.274,0.0000651,0.37,0.561,150.014,210197,4,hiphop
0.885,0.543,2,-6.338,1,0.2,0.0311,0,0.154,0.43,99.026,195992,4,hiphop
0.79,0.629,8,-4.055,1,0.142,0.182,0.00000706,0.338,0.267,170.023,169620,4,hiphop
0.827,0.623,4,-6.199,0,0.35,0.0193,0,0.0589,0.357,131.904,352977,4,hiphop
0.733,0.63,11,-4.296,1,0.395,0.13,0,0.162,0.832,149.989,152000,4,hiphop
0.92,0.606,1,-5.779,1,0.169,0.0204,0,0.107,0.142,142.04,155493,4,hiphop
0.781,0.676,10,-3.857,0,0.26,0.0563,0,0.119,0.535,146.107,212133,4,hiphop
0.901,0.522,2,-8.304,1,0.33,0.0114,0,0.259,0.329,104.053,127947,4,hiphop
0.83,0.593,10,-6.57,0,0.309,0.0594,0,0.101,0.209,139.964,169704,4,hiphop
0.688,0.642,4,-5.567,0,0.321,0.221,0,0.2,0.341,160.319,161129,4,hiphop
0.794,0.637,11,-6.373,1,0.267,0.11,0,0.185,0.503,158.098,158987,4,hiphop
0.116,0.0601,7,-22.05,1,0.0482,0.992,0.979,0.133,0.049,61.991,153098,3,classical
0.117,0.113,11,-18.718,1,0.0382,0.974,0.873,0.117,0.0354,164.145,231160,3,classical
0.366,0.0135,2,-28.807,1,0.0632,0.995,0.936,0.0781,0.0616,66.568,231300,4,classical
0.348,0.142,7,-22.427,1,0.0456,0.985,0.847,0.103,0.158,91.634,337213,4,classical
0.478,0.035,10,-22.292,1,0.0949,0.993,0.888,0.117,0.035,70.956,412373,4,classical
0.252,0.0831,0,-29.339,0,0.0394,0.988,0.206,0.166,0.0705,106.786,140347,4,classical
0.639,0.226,2,-12.374,1,0.0329,0.897,0.046,0.108,0.487,79.937,222920,4,classical
0.234,0.109,9,-22.446,1,0.0482,0.991,0.00535,0.0814,0.0674,131.541,207964,5,classical
0.555,0.0723,2,-15.604,1,0.0441,0.948,0.0306,0.0518,0.397,137.571,200400,3,classical
0.477,0.0849,0,-19.487,1,0.0584,0.929,0.495,0.151,0.695,145.405,212440,3,classical
0.438,0.241,8,-14.187,1,0.172,0.992,0.0191,0.149,0.182,165.196,152800,4,classical
0.379,0.296,1,-18.965,0,0.0391,0.944,0.624,0.168,0.465,140.295,423640,4,classical
0.157,0.0363,9,-19.873,1,0.0443,0.955,0.863,0.11,0.0747,67.671,406160,3,classical
0.429,0.132,5,-19.62,1,0.0516,0.927,0.366,0.0913,0.0968,82.195,543173,4,classical
0.286,0.0377,1,-26.131,1,0.0534,0.993,0.00714,0.0897,0.0558,82.789,158613,4,classical
0.361,0.0732,7,-18.459,1,0.038,0.913,0.907,0.0589,0.162,105.47,417307,4,classical
0.178,0.0233,2,-31.93,0,0.0491,0.663,0.0907,0.0676,0.0343,91.34,354283,4,classical
0.426,0.41,2,-13.994,0,0.0432,0.936,0.933,0.151,0.466,88.033,233666,4,classical
0.19,0.0395,10,-24.322,0,0.0536,0.995,0.318,0.106,0.117,165.01,147373,3,classical
0.545,0.0796,0,-22.296,1,0.045,0.991,0.841,0.112,0.305,103.116,359107,4,classical
0.416,0.327,0,-15.328,1,0.0497,0.723,0.591,0.289,0.41,131.454,178293,4,classical
0.191,0.146,11,-21.527,0,0.0581,0.985,0.000147,0.0881,0.0639,79.8,203273,3,classical
0.447,0.000653,7,-31.998,0,0.0883,0.882,0.0808,0.0794,0.108,165.545,652147,5,classical
0.456,0.217,2,-16.943,1,0.0561,0.944,0.891,0.163,0.0378,123.82,410600,4,classical
0.552,0.124,0,-16.426,0,0.0703,0.992,0.87,0.121,0.0759,139.997,469307,3,classical
0.505,0.532,3,-13.769,1,0.0698,0.919,0.841,0.298,0.158,107.895,297880,4,classical
0.34,0.0739,11,-19.376,0,0.0628,0.982,0.00604,0.0993,0.0461,110.244,373413,4,classical
0.296,0.0743,8,-23.038,1,0.0522,0.911,0.816,0.236,0.149,114.694,513280,4,classical
0.174,0.0201,0,-34.186,0,0.0499,0.989,0.0863,0.0987,0.0361,136.286,262253,3,classical
0.195,0.0139,5,-34.008,1,0.0433,0.792,0.0014,0.304,0.0348,104.943,965467,4,classical
0.262,0.113,4,-21.431,1,0.0506,0.978,0.855,0.0929,0.132,85.552,779213,4,classical
0.293,0.0664,10,-18.765,1,0.0536,0.994,0.18,0.0803,0.23,84.441,150027,4,classical
0.356,0.304,7,-13.199,1,0.0415,0.911,0.338,0.684,0.146,113.674,798760,4,classical
0.345,0.0366,4,-28.152,1,0.0362,0.993,0.937,0.126,0.171,137.465,172800,4,classical
0.26,0.0458,11,-22.942,1,0.0436,0.899,0.0313,0.302,0.0721,117.38,215760,4,classical
0.418,0.0226,8,-28.346,1,0.0349,0.992,0.908,0.125,0.0711,114.017,200320,3,classical
0.362,0.14,10,-23.129,1,0.0374,0.984,0.923,0.0984,0.45,154.35,476000,3,classical
0.175,0.0656,10,-22.5,1,0.0461,0.978,0.933,0.0931,0.0457,91.262,245400,3,classical
0.393,0.0402,7,-25.24,0,0.0439,0.994,0.888,0.0898,0.0628,68.804,133827,4,classical
0.208,0.016,5,-26.874,1,0.0393,0.971,0.852,0.101,0.0644,88.351,137000,4,classical
0.282,0.0228,8,-23.671,1,0.0361,0.994,0.851,0.109,0.0501,76.472,257179,3,classical
0.471,0.176,2,-18.587,0,0.0489,0.994,0.921,0.146,0.133,105.425,101000,3,classical
0.226,0.0884,10,-19.227,1,0.0402,0.978,0.894,0.137,0.0827,86.586,378645,4,classical
0.366,0.158,11,-22.576,0,0.0385,0.994,0.886,0.105,0.419,87.946,391133,4,classical
0.431,0.0773,4,-24.812,1,0.0382,0.957,0.812,0.187,0.0624,65.559,148533,4,classical
0.217,0.0563,1,-26.45,1,0.0406,0.988,0.895,0.119,0.037,143.527,180907,3,classical
0.366,0.0526,2,-23.922,0,0.0366,0.95,0.905,0.0977,0.195,80.921,146454,4,classical
0.159,0.00299,3,-38.709,1,0.0478,0.971,0.964,0.07,0.033,81.543,206147,3,classical
0.133,0.0133,6,-33.662,1,0.0431,0.976,0.896,0.0719,0.0505,74.315,465000,4,classical
0.317,0.0963,0,-24.798,1,0.0488,0.966,0.748,0.226,0.075,110.751,431280,4,classical
0.429,0.118,10,-19.942,0,0.039,0.898,0.569,0.298,0.172,112.864,457268,3,jazz
0.382,0.158,10,-12.962,1,0.0466,0.986,0.823,0.127,0.314,46.95,424243,4,jazz
0.515,0.184,0,-16.969,1,0.0426,0.858,0.18,0.12,0.218,122.744,381051,3,jazz
0.476,0.19,2,-17.266,0,0.0432,0.989,0.733,0.588,0.249,109.795,588760,4,jazz
0.427,0.0445,8,-18.994,1,0.0381,0.989,0.902,0.112,0.153,117.815,241200,3,jazz
0.523,0.188,5,-14.701,1,0.0345,0.609,0.597,0.285,0.0744,112.092,293253,4,jazz
0.439,0.0554,3,-15.183,1,0.0349,0.984,0.00382,0.111,0.178,101.015,261415,4,jazz
0.515,0.0283,9,-28.954,1,0.0402,0.963,0.927,0.0906,0.0886,100.598,379533,4,jazz
0.418,0.0872,7,-24.547,1,0.0354,0.92,0.898,0.108,0.14,148.264,305565,3,jazz
0.456,0.276,5,-7.419,1,0.0316,0.965,0.0525,0.0775,0.157,103.335,330615,4,jazz
0.474,0.112,0,-17.762,1,0.0297,0.974,0.873,0.112,0.116,106.514,377320,4,jazz
0.445,0.144,1,-17.051,1,0.0367,0.929,0.664,0.164,0.206,138.898,304293,5,jazz
0.698,0.214,7,-15.785,1,0.0378,0.803,0.893,0.112,0.172,121.769,282387,4,jazz
0.302,0.0166,7,-23.504,1,0.0475,0.974,0.0714,0.0737,0.235,69.904,360413,3,jazz
0.446,0.188,7,-17.215,0,0.0303,0.786,0.0916,0.104,0.0988,107.147,258227,4,jazz
0.487,0.259,2,-12.391,0,0.0386,0.897,0.778,0.0957,0.108,111.218,440513,4,jazz
0.403,0.13,2,-14.665,1,0.0374,0.969,0.804,0.125,0.0904,137.726,365880,4,jazz
0.437,0.0375,10,-28.282,0,0.0403,0.797,0.692,0.114,0.126,117.153,302240,4,jazz
0.49,0.114,7,-12.566,0,0.0359,0.934,0.262,0.124,0.15,97.158,476992,4,jazz
0.518,0.0493,9,-26.565,0,0.0346,0.9,0.879,0.349,0.16,61.908,375094,4,jazz
0.406,0.175,3,-17.018,1,0.0525,0.953,0.92,0.0841,0.436,180.707,293933,3,jazz
0.578,0.0801,8,-20.314,1,0.0501,0.966,0.539,0.106,0.0747,105.706,242067,4,jazz
0.446,0.188,7,-17.202,0,0.0302,0.782,0.117,0.107,0.098,107.117,258227,4,jazz
0.336,0.0937,0,-20.317,1,0.0414,0.972,0.0123,0.145,0.0992,90.587,286067,4,jazz
0.337,0.162,8,-18.071,1,0.0345,0.917,0.576,0.152,0.0887,82.256,419853,3,jazz
0.347,0.151,1,-13.445,1,0.0321,0.987,0.958,0.13,0.087,70.602,228404,4,jazz
0.487,0.259,2,-12.391,0,0.0386,0.897,0.778,0.0957,0.108,111.218,440513,4,jazz
0.445,0.216,8,-14.707,1,0.0503,0.967,0.914,0.149,0.237,109.969,119890,3,jazz
0.38,0.054,7,-21.941,1,0.037,0.964,0.687,0.151,0.181,134.176,311480,3,jazz
0.519,0.0591,0,-16.636,1,0.0368,0.959,0.876,0.137,0.142,60.165,468120,4,jazz
0.487,0.12,10,-20.964,1,0.04,0.892,0.853,0.0996,0.131,56.822,314763,4,jazz
0.539,0.207,8,-16.498,1,0.0458,0.898,0.636,0.222,0.259,122.03,498320,4,jazz
0.386,0.0481,2,-25.336,0,0.04,0.934,0.852,0.101,0.0714,148.305,474787,3,jazz
0.326,0.156,2,-14.116,0,0.0307,0.92,0.676,0.171,0.159,75.458,292444,4,jazz
0.421,0.0867,0,-18.732,1,0.037,0.871,0.429,0.115,0.07,95.438,265320,4,jazz
0.484,0.0231,0,-28.641,0,0.0423,0.75,0.853,0.0913,0.347,117.583,316747,1,jazz
0.333,0.0794,7,-17.612,1,0.0363,0.951,0.00389,0.0911,0.0568,96.666,284880,4,jazz
0.591,0.141,0,-23.536,1,0.039,0.945,0.865,0.0822,0.368,125.06,252773,4,jazz
0.442,0.124,3,-22.227,1,0.0388,0.92,0.605,0.21,0.2,65.003,408600,4,jazz
0.401,0.209,1,-17.161,0,0.0308,0.974,0.853,0.0905,0.075,72.415,265527,3,jazz
0.433,0.217,9,-13.799,1,0.0343,0.921,0.714,0.096,0.179,105.96,322080,3,jazz
0.475,0.0588,5,-17.464,0,0.0418,0.89,0.0238,0.129,0.241,115.642,206360,4,jazz
0.538,0.0687,2,-17.993,0,0.0371,0.967,0.461,0.0854,0.132,103.808,152107,4,jazz
0.42,0.109,8,-24.353,0,0.0417,0.925,0.948,0.112,0.119,114.013,314573,4,jazz
0.403,0.307,5,-13.426,1,0.0357,0.799,0.124,0.143,0.371,119.845,387450,4,jazz
0.459,0.204,3,-16.941,0,0.0365,0.935,0.905,0.0969,0.1,108.573,433787,3,jazz
0.487,0.135,2,-11.211,0,0.0434,0.915,0.00353,0.686,0.24,105.854,388347,5,jazz
0.592,0.231,6,-16.446,0,0.0371,0.833,0.911,0.0992,0.377,62.693,360354,4,jazz
0.382,0.239,6,-12.423,1,0.0325,0.94,0.755,0.106,0.141,67.643,176297,3,jazz
0.385,0.3,3,-12.746,1,0.0363,0.975,0.374,0.769,0.253,90.703,586186,4,jazz
0.456,0.257,10,-16.877,0,0.0298,0.859,0.475,0.111,0.181,104.311,243013,4,jazz
0.535,0.107,10,-18.989,0,0.0323,0.922,0.649,0.105,0.16,102.186,297653,4,jazz
0.428,0.187,10,-21.001,1,0.0375,0.935,0.853,0.103,0.186,108.962,285601,4,jazz
0.34,0.237,8,-14.901,1,0.0302,0.95,0.927,0.14,0.0716,162.892,305427,4,jazz
0.343,0.307,1,-14.526,1,0.0521,0.8,0.467,0.664,0.186,78.165,505032,4,jazz
0.356,0.0937,8,-16.64,0,0.0353,0.957,0.096,0.209,0.278,86.669,342373,3,jazz
0.384,0.13,8,-22.154,1,0.031,0.928,0.823,0.122,0.12,105.198,500507,4,jazz
0.478,0.0757,5,-20.847,1,0.0505,0.973,0.939,0.108,0.233,76.952,388040,4,jazz
0.385,0.0562,11,-14.812,1,0.0415,0.974,0.532,0.107,0.192,116.666,182653,4,jazz
0.4,0.144,10,-15.52,1,0.037,0.958,0.878,0.119,0.146,120.329,364627,4,jazz
0.296,0.0709,3,-14.832,0,0.0312,0.967,0.804,0.105,0.0696,95.028,340507,4,jazz
0.479,0.146,7,-14.319,1,0.0351,0.988,0.692,0.103,0.07,111.643,440133,3,jazz
0.317,0.0302,1,-30.447,1,0.0342,0.94,0.298,0.0792,0.165,47.859,234373,4,jazz
0.371,0.0295,10,-22.038,0,0.0335,0.986,0.937,0.125,0.258,82.313,66762,3,jazz
0.454,0.084,0,-18.621,1,0.0293,0.885,0.936,0.0958,0.0828,87.816,255107,4,jazz
0.505,0.159,7,-11.235,0,0.0336,0.946,0.0127,0.212,0.196,59.385,295200,4,jazz
0.55,0.249,5,-15.919,0,0.0325,0.929,0.828,0.258,0.296,121.37,484627,4,jazz
0.47,0.156,2,-17.036,1,0.0399,0.623,0.187,0.104,0.059,118.176,394920,4,jazz
0.447,0.163,8,-14.835,1,0.0707,0.992,0.776,0.654,0.197,74.933,1004627,3,jazz
0.421,0.0161,2,-25.358,0,0.0374,0.81,0.0021,0.0978,0.16,110.926,337733,4,jazz
0.446,0.242,8,-14.152,1,0.0368,0.87,0.497,0.105,0.171,126.681,492080,4,jazz
0.326,0.0575,4,-16.5,1,0.0393,0.99,0.887,0.281,0.301,127.397,168667,5,jazz
0.526,0.17,9,-13.089,0,0.0411,0.823,0.777,0.114,0.18,117.414,322133,4,jazz
0.445,0.223,3,-17.402,1,0.0374,0.921,0.884,0.131,0.225,110.821,391707,4,jazz
0.445,0.0978,3,-26.924,1,0.0397,0.965,0.915,0.121,0.173,117.283,396520,4,jazz
0.533,0.148,0,-18.275,1,0.0329,0.924,0.932,0.112,0.108,63.637,221733,4,jazz
0.383,0.131,7,-17.764,1,0.033,0.761,0.194,0.0973,0.101,98.606,447280,4,jazz
0.484,0.0291,10,-23.363,1,0.0459,0.961,0.474,0.115,0.379,98.434,389893,4,jazz
0.388,0.0354,7,-25.766,1,0.0421,0.986,0.956,0.178,0.198,143.514,232046,4,jazz
0.569,0.117,5,-22.741,1,0.0446,0.846,0.852,0.0978,0.101,60.483,282320,4,jazz
0.364,0.114,1,-16.552,1,0.0333,0.857,0.635,0.0839,0.0575,117.715,317946,3,jazz
0.539,0.0678,0,-18.039,1,0.0468,0.967,0.168,0.114,0.263,124.105,294667,4,jazz
0.42,0.105,6,-20.502,1,0.035,0.868,0.587,0.0957,0.0985,99.873,336373,4,jazz
0.428,0.212,0,-15.442,0,0.032,0.971,0.73,0.169,0.314,98.096,294587,3,jazz
0.386,0.125,9,-19.892,0,0.0572,0.886,0.878,0.189,0.14,78.553,348533,3,jazz
0.42,0.0802,7,-21.795,1,0.04,0.905,0.857,0.135,0.0541,122.041,257693,3,jazz
0.428,0.3,0,-8.885,1,0.034,0.937,0.658,0.168,0.235,122.667,240093,5,jazz
0.399,0.307,1,-14.38,1,0.0347,0.912,0.623,0.115,0.0659,116.308,325587,4,jazz
0.336,0.328,7,-15.005,0,0.0386,0.93,0.732,0.111,0.222,184.007,314493,3,jazz
0.368,0.14,0,-15.005,0,0.045,0.901,0.874,0.0688,0.172,61.758,428973,4,jazz
0.52,0.0748,8,-24.477,1,0.0497,0.748,0.633,0.102,0.122,107.327,341667,4,jazz
0.423,0.158,0,-15.59,0,0.0346,0.717,0.0075,0.0975,0.185,106.974,335333,4,jazz
0.45,0.0437,10,-29.46,1,0.0374,0.971,0.88,0.0948,0.0988,63.938,289693,4,jazz
0.421,0.0967,7,-16.441,0,0.0509,0.91,0.415,0.218,0.183,77.401,763467,4,jazz
0.331,0.0861,5,-21.226,1,0.0354,0.918,0.902,0.106,0.152,107.436,507533,4,jazz
0.575,0.0935,3,-15.906,1,0.0858,0.978,0.452,0.109,0.301,65.23,258040,4,jazz
0.461,0.0389,0,-20.482,1,0.0399,0.899,0.015,0.0927,0.125,109.374,477173,4,jazz
0.633,0.12,5,-20.066,0,0.0428,0.971,0.871,0.121,0.456,115.51,149072,3,jazz
0.411,0.0416,1,-23.23,1,0.0414,0.96,0.925,0.064,0.0782,97.96,246067,4,jazz
0.458,0.217,5,-16.582,1,0.0328,0.827,0.805,0.194,0.128,107.506,482187,4,jazz
0.724,0.647,1,-5.642,1,0.0658,0.28,0,0.102,0.435,106.96,207333,4,pop
0.752,0.488,6,-7.05,1,0.0705,0.297,0.00000911,0.0936,0.533,136.041,201661,4,pop
0.753,0.498,2,-5.61,1,0.0504,0.551,0,0.0706,0.927,89.95,158053,4,pop
0.665,0.699,11,-5.265,1,0.0578,0.423,0,0.0969,0.585,124.896,190932,4,pop
0.703,0.723,9,-5.45,0,0.0412,0.0302,0.00000206,0.126,0.288,104.969,198903,4,pop
0.757,0.849,5,-3.424,0,0.0536,0.173,0,0.0878,0.826,150.036,228207,4,pop
0.383,0.637,3,-6.993,1,0.0703,0.0722,0,0.368,0.0827,177.913,260773,4,pop
0.693,0.575,9,-6.998,1,0.0801,0.374,0,0.252,0.492,117.999,211362,4,pop
0.574,0.758,1,-5.029,0,0.0621,0.0969,0,0.395,0.492,144.111,182623,4,pop
0.498,0.104,1,-14.08,0,0.0621,0.979,0.0000786,0.0895,0.205,124.001,199931,3,pop
0.719,0.704,1,-4.724,1,0.0476,0.0691,0,0.166,0.628,133.002,187436,4,pop
0.805,0.87,6,-4.181,1,0.0439,0.035,0.0882,0.294,0.386,122.996,191496,4,pop
0.442,0.585,0,-10.332,0,0.0964,0.0984,0.391,0.14,0.116,97.565,229413,4,pop
0.678,0.729,8,-4.188,1,0.137,0.0658,0,0.303,0.643,99.895,189173,4,pop
0.772,0.493,5,-3.41,0,0.0729,0.0617,0.0328,0.154,0.385,143.97,94663,4,pop
0.841,0.798,1,-4.206,0,0.229,0.153,0.00000333,0.0618,0.591,95.948,212500,4,pop
0.404,0.531,1,-4.328,1,0.103,0.215,0,0.0521,0.321,164.848,214227,4,pop
0.817,0.539,6,-6.349,0,0.0621,0.0141,0.000496,0.099,0.158,97.062,210368,4,pop
0.704,0.56,1,-6.791,0,0.179,0.185,0,0.0948,0.609,75.003,207109,4,pop
0.531,0.854,10,-3.149,1,0.198,0.288,0,0.0773,0.456,94.419,190000,4,pop
0.694,0.63,7,-6.84,0,0.162,0.0998,0.000635,0.12,0.341,90.045,189493,4,pop
0.575,0.33,7,-6.557,1,0.031,0.416,0,0.0872,0.277,95.801,217213,4,pop
0.669,0.684,7,-4.595,1,0.0585,0.252,0,0.72,0.466,96.097,192537,4,pop
0.834,0.73,8,-3.714,1,0.222,0.00513,0,0.124,0.446,155.008,312820,4,pop
0.755,0.625,2,-7.114,1,0.0896,0.49,0,0.157,0.374,147.02,174861,4,pop
0.719,0.703,5,-4.93,0,0.0392,0.032,0.0000114,0.0656,0.72,101.984,223000,4,pop
0.95,0.59,8,-6.508,0,0.29,0.00534,0,0.11,0.219,130.003,183527,4,pop
0.755,0.615,4,-8.245,1,0.0454,0.00587,0.00000175,0.109,0.039,105.955,215364,4,pop
0.687,0.792,5,-2.749,1,0.0452,0.191,0,0.167,0.671,100.015,214290,4,pop
0.657,0.569,2,-6.287,1,0.0542,0.201,0.0000138,0.126,0.399,102.054,233880,4,pop
0.575,0.571,1,-7.906,1,0.0439,0.0558,0,0.0912,0.449,105.049,197947,4,pop
0.739,0.742,7,-4.586,1,0.0329,0.0227,0.00000139,0.229,0.659,124.016,189000,4,pop
0.669,0.574,4,-6.442,0,0.0286,0.0175,0.00294,0.146,0.273,120.013,196400,4,pop
0.499,0.638,0,-6.145,1,0.0438,0.129,0,0.631,0.253,89.98,239835,4,pop
0.826,0.615,8,-7.979,0,0.219,0.071,0,0.0965,0.543,98.056,225199,4,pop
0.499,0.181,9,-15.359,0,0.0429,0.745,0.00123,0.106,0.0747,111.956,214533,4,pop
0.703,0.66,10,-5.119,0,0.123,0.137,0,0.192,0.79,95.031,198947,4,pop
0.547,0.289,0,-8.131,1,0.0348,0.645,0,0.148,0.213,104.851,181913,3,pop
0.89,0.624,1,-3.966,1,0.103,0.0944,0.00000516,0.0903,0.762,116.046,169814,4,pop
0.82,0.582,2,-4.441,1,0.0454,0.428,0,0.0419,0.309,112.064,214027,4,pop
0.703,0.748,1,-6.047,1,0.0435,0.123,0,0.0642,0.625,111.943,184080,4,pop
0.8,0.578,4,-5.144,0,0.0485,0.00381,0,0.359,0.367,143.01,204665,4,pop
0.553,0.502,0,-5.972,1,0.0409,0.299,0,0.764,0.296,129.976,210200,4,pop
0.754,0.342,10,-8.677,0,0.0991,0.073,0,0.193,0.423,128.981,121347,4,pop
0.55,0.415,9,-6.557,0,0.052,0.161,0,0.108,0.274,172.065,205463,4,pop
0.652,0.897,7,-4.481,0,0.036,0.293,0,0.0722,0.475,114.033,193377,4,pop
0.738,0.629,6,-4.882,0,0.0495,0.268,0.00114,0.163,0.319,146.067,180898,4,pop
0.553,0.586,11,-6.319,1,0.0362,0.697,0,0.0813,0.443,126.684,196373,4,pop
0.765,0.704,5,-4.589,0,0.127,0.0215,0,0.227,0.498,147.055,192172,4,pop
0.746,0.703,4,-4.179,0,0.107,0.352,0,0.331,0.667,166.043,179693,4,pop
0.672,0.622,5,-7.421,0,0.176,0.117,0,0.113,0.561,100.016,182084,4,country
0.375,0.889,3,-3.704,1,0.0991,0.0848,0,0.136,0.881,199.669,185200,4,country
0.738,0.718,1,-5.777,0,0.0414,0.163,0,0.207,0.685,125.047,172133,4,country
0.707,0.531,1,-7.014,1,0.0273,0.0147,0.00000211,0.175,0.417,106.992,178333,4,country
0.731,0.614,7,-7.525,0,0.0628,0.137,0.000013,0.151,0.508,80.025,179231,4,country
0.659,0.902,7,-6.192,1,0.0296,0.13,0.0000945,0.0574,0.809,124.985,230013,4,country
0.606,0.652,9,-6.982,1,0.0281,0.323,0,0.201,0.476,97.155,182493,4,country
0.598,0.893,10,-3.136,1,0.0497,0.0227,0,0.352,0.667,100.031,174255,4,country
0.513,0.949,0,-1.723,1,0.0461,0.0104,0,0.154,0.797,159.985,235266,4,country
0.687,0.641,11,-5.814,1,0.03,0.17,0,0.111,0.663,120.04,178813,4,country
0.464,0.688,8,-4.553,1,0.0301,0.106,0,0.146,0.411,173.793,189267,4,country
0.583,0.479,4,-7.601,1,0.0328,0.799,0,0.115,0.462,169.95,189485,4,country
0.564,0.904,7,-3.808,1,0.0582,0.00719,0,0.528,0.637,124.102,160991,4,country
0.594,0.808,1,-5.749,1,0.0615,0.601,0,0.119,0.73,144.028,207933,4,country
0.485,0.306,0,-8.431,1,0.0409,0.794,0,0.122,0.224,203.729,207267,4,country
0.539,0.859,7,-4.465,1,0.0399,0.0317,0,0.102,0.456,89.937,186133,4,country
0.652,0.712,4,-4.588,1,0.0388,0.596,0,0.0814,0.553,120.063,202920,4,country
0.559,0.754,6,-5.344,0,0.0481,0.00184,0.000462,0.0366,0.438,85.993,188920,4,country
0.609,0.807,5,-7.221,1,0.0972,0.00403,0.00000542,0.0926,0.492,119.073,238493,4,country
0.687,0.75,11,-4.537,1,0.0965,0.107,0.00000305,0.161,0.911,98.987,172534,4,country
0.471,0.791,0,-4.817,1,0.0506,0.0836,0,0.0868,0.355,128.007,213399,4,country
0.517,0.776,11,-5.271,1,0.0362,0.0144,0,0.113,0.448,96.002,216533,4,country
0.432,0.796,4,-2.952,0,0.049,0.486,0,0.355,0.563,183.935,212120,4,country
0.533,0.907,11,-3.793,1,0.0406,0.0292,0,0.386,0.7,150.99,183160,4,country
0.552,0.698,8,-4.817,1,0.0306,0.294,0.000103,0.0905,0.6,90.006,202067,4,country
0.688,0.757,1,-5.202,0,0.0612,0.0523,0,0.0902,0.941,120.031,150893,4,country
0.552,0.573,9,-6.585,1,0.0948,0.0463,0,0.105,0.525,182.14,157422,4,country
0.623,0.828,3,-4.272,1,0.0565,0.162,0,0.0976,0.953,82.059,183140,4,country
0.644,0.713,9,-7.148,0,0.0547,0.0144,0,0.0829,0.468,95.999,192840,4,country
0.697,0.82,1,-4.275,1,0.0448,0.00928,0.000118,0.122,0.815,94.995,214096,4,country
0.697,0.531,2,-7.141,1,0.0268,0.251,0.000125,0.0954,0.631,99.98,184640,4,country
0.655,0.56,9,-6.857,1,0.0486,0.749,0,0.115,0.599,140.975,198440,4,country
0.641,0.84,0,-6.044,1,0.0279,0.000171,0.00179,0.109,0.545,112.99,199640,4,country
0.487,0.859,4,-4.403,1,0.0488,0.00204,0,0.322,0.377,148.037,228480,4,country
0.552,0.402,11,-7.431,1,0.0262,0.676,0,0.0928,0.382,103.313,193200,4,country
0.386,0.799,2,-3.789,1,0.0555,0.201,0,0.103,0.391,86.333,213024,4,country
0.628,0.708,11,-7.045,0,0.0287,0.309,0.00000132,0.109,0.276,111.047,288573,4,country
0.628,0.757,7,-3.561,1,0.0281,0.113,0,0.263,0.727,96.016,172253,4,country
0.51,0.386,1,-8.391,1,0.0307,0.456,0,0.252,0.266,86.36,199436,4,country
0.563,0.745,2,-4.753,1,0.0288,0.24,0.0000496,0.11,0.28,121.015,225694,4,country
0.629,0.464,4,-8.72,1,0.0334,0.75,0,0.0853,0.523,156.051,195053,4,country
0.423,0.813,9,-5.011,1,0.0507,0.218,0.00000162,0.0732,0.421,173.995,211720,4,country
0.609,0.68,9,-6.316,1,0.0348,0.0886,0,0.108,0.561,140.013,211547,4,country
0.705,0.761,0,-4.579,1,0.0298,0.00385,0,0.186,0.819,99.986,182133,4,country
0.543,0.88,3,-4.204,0,0.0365,0.035,0.000227,0.304,0.483,144.057,193067,4,country
0.631,0.44,1,-5.948,1,0.028,0.328,0,0.239,0.418,136.033,212745,4,country
0.612,0.671,6,-4.448,1,0.0276,0.397,0.00000119,0.0984,0.7,149.986,234293,4,country
0.549,0.869,4,-4.905,0,0.0289,0.00261,0.00000177,0.29,0.433,91.988,178733,4,country
0.575,0.571,1,-7.906,1,0.0439,0.0558,0,0.0912,0.449,105.049,197947,4,country
0.711,0.696,7,-5.05,1,0.0871,0.16,0,0.17,0.694,80.512,189533,4,country
0.434,0.831,8,-4.774,1,0.0453,0.0651,0,0.119,0.596,156.034,185440,4,country
0.609,0.814,0,-4.263,1,0.0382,0.0226,0.00000114,0.382,0.385,126.006,205373,4,country
0.615,0.68,6,-4.582,1,0.0286,0.364,0.00000175,0.115,0.702,149.992,234347,4,country
0.618,0.834,11,-3.692,0,0.0566,0.00364,0.000181,0.0593,0.755,136.033,235597,4,rock
0.448,0.612,2,-6.106,1,0.0708,0.216,0,0.08,0.213,97.773,189467,4,rock
0.676,0.747,4,-4.639,0,0.0342,0.177,0,0.221,0.449,106.021,256344,4,rock
0.576,0.782,1,-6.167,1,0.0346,0.0123,0.00241,0.467,0.367,87.971,223893,4,rock
0.59,0.859,8,-3.227,0,0.164,0.0036,0,0.398,0.62,92.987,176634,4,rock
0.502,0.817,0,-3.508,1,0.0447,0.000477,0,0.153,0.617,90.024,233298,4,rock
0.637,0.636,0,-4.675,0,0.109,0.011,0.00139,0.0706,0.788,75.276,191432,4,rock
0.481,0.944,8,-3.665,1,0.231,0.00926,0.000328,0.278,0.396,165.02,199959,4,rock
0.538,0.728,1,-7.21,0,0.293,0.126,0.0221,0.161,0.576,188.003,209707,4,rock
0.505,0.848,11,-5.173,0,0.0575,0.0106,0,0.18,0.282,140.055,259428,4,rock
0.525,0.765,0,-6.163,1,0.259,0.0115,0,0.46,0.53,140.233,222229,4,rock
0.749,0.723,1,-6.609,1,0.0432,0.0563,0.022,0.0977,0.674,108.999,229120,4,rock
0.568,0.961,9,-2.182,1,0.065,0.00428,0,0.138,0.924,148.126,195173,4,rock
0.553,0.807,2,-5.805,1,0.0431,0.0123,0.00242,0.297,0.575,152.101,266960,4,rock
0.289,0.841,8,-4.33,1,0.146,0.00582,0.00771,0.267,0.399,183.17,208134,3,rock
0.571,0.677,2,-4.718,0,0.0373,0.0231,0,0.352,0.134,128.008,190000,4,rock
0.547,0.944,4,-3.304,0,0.0507,0.0000481,0.0451,0.195,0.364,93.966,203274,4,rock
0.565,0.85,11,-4.256,0,0.0366,0.00555,0.0000435,0.113,0.26,92.01,185960,4,rock
0.451,0.865,11,-4.219,1,0.044,0.0103,0.0316,0.232,0.461,172.153,211485,4,rock
0.579,0.778,8,-5.933,1,0.164,0.0158,0,0.101,0.467,166.006,193372,4,rock
0.586,0.951,6,-3.022,1,0.209,0.00461,0,0.0767,0.471,130.009,231690,4,rock
0.512,0.884,6,-5.659,0,0.168,0.0016,0.00215,0.0763,0.649,154.019,216721,4,rock
0.55,0.936,8,-2.876,1,0.078,0.000207,0.00000267,0.302,0.767,158.02,204253,4,rock
0.27,0.931,1,-5.016,1,0.232,0.0139,0,0.218,0.446,124.608,213395,4,rock
0.526,0.817,4,-7.589,0,0.0851,0.0552,0.0000725,0.123,0.558,90.727,211187,4,rock
0.568,0.916,6,-5.327,1,0.0943,0.115,0.000464,0.0779,0.52,129.981,238148,4,rock
0.343,0.91,8,-5.734,1,0.0648,0.00136,0.0000567,0.0717,0.15,163.975,225732,4,rock
0.601,0.676,9,-4.423,1,0.0926,0.00414,0,0.186,0.391,167.92,214186,4,rock
0.621,0.972,7,-2.245,0,0.05,0.0177,0.0015,0.0692,0.802,101.012,222200,4,rock
0.658,0.599,6,-7.488,1,0.0367,0.124,0,0.124,0.485,75.01,186238,4,rock
0.479,0.727,4,-5.369,1,0.0357,0.000718,0.0000197,0.0644,0.0577,180.09,253249,4,rock
0.57,0.723,0,-6.673,0,0.0386,0.00238,0.000144,0.2,0.44,145.001,201957,4,rock
0.579,0.904,5,-2.729,1,0.0618,0.193,0,0.064,0.681,82.014,190947,4,rock
0.626,0.7,4,-5.437,0,0.0305,0.00149,0.00108,0.17,0.362,101.016,222181,4,rock
0.391,0.8,2,-2.761,1,0.0523,0.00977,0.00000308,0.329,0.398,83.81,210851,4,rock
0.518,0.713,10,-6.031,0,0.0815,0.00417,0.00768,0.103,0.302,140.137,229893,4,rock
0.568,0.907,5,-4.641,0,0.0488,0.00115,0,0.0982,0.337,112.037,230933,4,rock
0.338,0.806,9,-7.417,0,0.0767,0.00343,0,0.144,0.278,160.821,219760,4,rock
0.56,0.885,2,-5.631,1,0.0363,0.047,0.00000347,0.361,0.312,102.003,196480,4,rock
0.619,0.696,7,-6.269,0,0.0315,0.0000189,0.00555,0.38,0.727,125.986,219720,4,rock
0.528,0.976,2,-2.188,1,0.0803,0.000108,0,0.24,0.511,100.082,261705,4,rock
0.526,0.98,1,-3.042,1,0.34,0.0000174,0.00136,0.208,0.45,110.011,217828,4,rock
0.525,0.957,0,-3.742,1,0.0689,0.00202,0.00000325,0.333,0.456,97.445,228373,4,rock
0.437,0.934,6,-3.227,0,0.0915,0.00166,0,0.317,0.431,144.135,209109,4,rock
0.514,0.956,11,-3.003,0,0.271,0.00134,0.0243,0.0627,0.436,174.038,195250,4,rock
0.552,0.935,0,-4.096,1,0.0623,0.0174,0.00000198,0.116,0.38,74.954,245787,4,rock
0.4,0.792,11,-4.118,1,0.0368,0.000449,0.0848,0.185,0.338,117.819,209049,4,rock
0.482,0.946,4,-3.231,0,0.0853,0.00251,0,0.0466,0.287,135.071,245861,4,rock
0.577,0.936,11,-2.924,0,0.078,0.043,0.0000174,0.413,0.899,168.879,170453,4,rock
0.442,0.897,2,-6.161,1,0.11,0.127,0,0.0993,0.174,148.844,350520,4,rock
